'https://www.rappler.com/news', 'en'
'https://www.rappler.com/news', 'en'
'https://www.rappler.com/news', 'en'
'https://www.rappler.com/news', 'en'
'https://www.rappler.com/news', 'en'
'https://www.rappler.com/news', 'en'
'https://www.rappler.com/news', 'en'
'https://www.rappler.com/news', 'en'
'https://www.rappler.com/news', 'en'
'https://www.rappler.com/news', 'en'
'https://www.rappler.com/news', 'en'
'https://www.rappler.com/news', 'en'
'https://www.rappler.com/news', 'en'
'https://www.rappler.com/news', 'en'
'https://www.rappler.com/news', 'en'
'https://www.rappler.com/news', 'en'
'https://www.rappler.com/news', 'en'
'https://www.rappler.com/news', 'en'
'https://www.rappler.com/news', 'en'
'https://www.rappler.com/news', 'en'
'https://www.rappler.com/news', 'en'
'https://www.rappler.com/news', 'en'
'https://www.rappler.com/news', 'en'
'https://www.rappler.com/news', 'en'
'https://www.rappler.com/news', 'en'
'https://www.rappler.com/news', 'en'
'https://www.rappler.com/news', 'en'
'https://www.rappler.com/news', 'en'
'https://www.rappler.com/news', 'en'
'https://www.rappler.com/news', 'en'
'https://www.rappler.com/news', 'en'
'https://www.rappler.com/news', 'en'
'https://www.rappler.com/news', 'en'
'https://www.rappler.com/news', 'en'
'https://www.rappler.com/news', 'en'
'https://www.rappler.com/news', 'en'
'https://www.rappler.com/news', 'en'
'https://www.rappler.com/news', 'en'
'https://www.rappler.com/news', 'en'
'https://www.rappler.com/news', 'en'
'https://www.rappler.com/news', 'en'
'https://www.rappler.com/news', 'en'
'https://www.rappler.com/news', 'en'
'https://www.rappler.com/news', 'en'
'https://www.rappler.com/news', 'en'
'https://www.rappler.com/news', 'en'
'https://www.rappler.com/news', 'en'
'https://www.rappler.com/news', 'en'
'https://www.rappler.com/news', 'en'
'https://www.rappler.com/news', 'en'
'https://www.rappler.com/news', 'en'
'https://www.rappler.com/news', 'en'
'https://www.rappler.com/news', 'en'
'https://www.rappler.com/news', 'en'
'https://www.rappler.com/news', 'en'
'https://www.rappler.com/news', 'en'
'https://www.rappler.com/news', 'en'
'https://www.rappler.com/news', 'en'
'https://www.rappler.com/news', 'en'
'https://www.rappler.com/news', 'en'
'https://www.rappler.com/news', 'en'
'https://www.rappler.com/news', 'en'
'https://www.rappler.com/news', 'en'
'https://www.rappler.com/news', 'en'
'https://www.rappler.com/news', 'en'
'https://www.rappler.com/news', 'en'
'https://www.rappler.com/news', 'en'
'https://www.rappler.com/news', 'en'
'https://www.rappler.com/news', 'en'
'https://www.rappler.com/news', 'en'
'https://www.rappler.com/news', 'en'
'https://www.rappler.com/news', 'en'
'https://www.rappler.com/news', 'en'
'https://www.rappler.com/news', 'en'
'https://www.rappler.com/news', 'en'
'https://www.rappler.com/news', 'en'
'https://www.rappler.com/news', 'en'
'https://www.rappler.com/news', 'en'
'https://www.rappler.com/news', 'en'
'https://www.rappler.com/news', 'en'
'https://www.rappler.com/news', 'en'
'https://www.rappler.com/news', 'en'
'https://www.rappler.com/news', 'en'
'https://www.rappler.com/news', 'en'
'https://www.rappler.com/news', 'en'
'https://www.rappler.com/news', 'en'
'https://www.rappler.com/news', 'en'
'https://www.rappler.com/news', 'en'
'https://www.rappler.com/news', 'en'
'https://www.rappler.com/news', 'en'
'https://www.rappler.com/news', 'en'
'https://www.rappler.com/news', 'en'
'https://www.rappler.com/news', 'en'
'https://www.rappler.com/news', 'en'
'https://www.rappler.com/news', 'en'
'https://www.rappler.com/news', 'en'
'https://www.rappler.com/news', 'en'
'https://www.rappler.com/news', 'en'
'https://www.rappler.com/news', 'en'
'https://www.rappler.com/news', 'en'
'https://www.rappler.com/news', 'en'
'https://www.rappler.com/news', 'en'
'https://www.rappler.com/news', 'en'
'https://www.rappler.com/news', 'en'
'https://www.rappler.com/news', 'en'
'https://www.rappler.com/news', 'en'
'https://www.rappler.com/news', 'en'
'https://www.rappler.com/news', 'en'
'https://www.rappler.com/news', 'en'
'https://www.rappler.com/news', 'en'
'https://www.rappler.com/news', 'en'
'https://www.rappler.com/news', 'en'
'https://www.rappler.com/news', 'en'
'https://www.rappler.com/news', 'en'
'https://www.rappler.com/news', 'en'
'https://www.rappler.com/news', 'en'
'https://www.rappler.com/news', 'en'
'https://www.rappler.com/news', 'en'
'https://www.rappler.com/news', 'en'
'https://www.rappler.com/news', 'en'
'https://www.rappler.com/news', 'en'
'https://www.rappler.com/news', 'en'
'https://www.rappler.com/news', 'en'
'https://www.rappler.com/news', 'en'
'https://www.rappler.com/news', 'en'
'https://www.rappler.com/news', 'en'
'https://www.rappler.com/news', 'en'
'https://www.rappler.com/news', 'en'
'https://www.rappler.com/news', 'en'
'https://www.rappler.com/news', 'en'
'https://www.rappler.com/news', 'en'
'https://www.rappler.com/news', 'en'
'https://www.rappler.com/news', 'en'
'https://www.rappler.com/news', 'en'
'https://www.rappler.com/news', 'en'
'https://www.rappler.com/news', 'en'
'https://www.rappler.com/news', 'en'
'https://www.rappler.com/news', 'en'
'https://www.rappler.com/news', 'en'
'https://www.rappler.com/news', 'en'
'https://www.rappler.com/news', 'en'
'https://www.rappler.com/news', 'en'
'https://www.rappler.com/news', 'en'
'https://www.rappler.com/news', 'en'
'https://www.rappler.com/news', 'en'
'https://www.rappler.com/news', 'en'
'https://www.rappler.com/news', 'en'
'https://www.rappler.com/news', 'en'
'https://www.rappler.com/news', 'en'
'https://www.rappler.com/news', 'en'
'https://www.rappler.com/news', 'en'
'https://www.rappler.com/news', 'en'
'https://www.rappler.com/news', 'en'
'https://www.rappler.com/news', 'en'
'https://www.rappler.com/news', 'en'
'https://www.rappler.com/news', 'en'
'https://www.rappler.com/news', 'en'
'https://www.rappler.com/news', 'en'
'https://www.rappler.com/news', 'en'
'https://www.rappler.com/news', 'en'
'https://www.rappler.com/news', 'en'
'https://www.rappler.com/news', 'en'
'https://www.rappler.com/news', 'en'
'https://www.rappler.com/news', 'en'
'https://www.rappler.com/news', 'en'
'https://www.rappler.com/news', 'en'
'https://www.rappler.com/news', 'en'
'https://www.rappler.com/news', 'en'
'https://www.rappler.com/news', 'en'
'https://www.rappler.com/news', 'en'
'https://www.rappler.com/news', 'en'
'https://www.rappler.com/news', 'en'
'https://www.rappler.com/news', 'en'
'https://www.rappler.com/news', 'en'
'https://www.rappler.com/news', 'en'
'https://www.rappler.com/news', 'en'
'https://www.rappler.com/news', 'en'
'https://www.rappler.com/news', 'en'
'https://www.rappler.com/news', 'en'
'https://www.rappler.com/news', 'en'
'https://www.rappler.com/news', 'en'
'https://www.rappler.com/news', 'en'
'https://www.rappler.com/news', 'en'
'https://www.rappler.com/news', 'en'
'https://www.rappler.com/news', 'en'
'https://www.rappler.com/news', 'en'
'https://www.rappler.com/news', 'en'
'https://www.rappler.com/news', 'en'
'https://www.rappler.com/news', 'en'
'https://www.rappler.com/news', 'en'
'https://www.rappler.com/news', 'en'
'https://www.rappler.com/news', 'en'
'https://www.rappler.com/news', 'en'
'https://www.rappler.com/news', 'en'
'https://www.rappler.com/news', 'en'
'https://www.rappler.com/news', 'en'
'https://www.rappler.com/news', 'en'
'https://www.rappler.com/news', 'en'
'https://www.rappler.com/news', 'en'
'https://www.rappler.com/news', 'en'
'https://www.rappler.com/news', 'en'
'https://www.rappler.com/news', 'en'
'https://www.rappler.com/news', 'en'
'https://www.rappler.com/news', 'en'
'https://www.rappler.com/news', 'en'
'https://www.rappler.com/news', 'en'
'https://www.rappler.com/news', 'en'
'https://www.rappler.com/news', 'en'
'https://www.rappler.com/news', 'en'
'https://www.rappler.com/news', 'en'
'https://www.rappler.com/news', 'en'
'https://www.rappler.com/news', 'en'
'https://www.rappler.com/news', 'en'
'https://www.rappler.com/news', 'en'
'https://www.rappler.com/news', 'en'
'https://www.rappler.com/news', 'en'
'https://www.rappler.com/news', 'en'
'https://www.rappler.com/news', 'en'
'https://www.rappler.com/news', 'en'
'https://www.rappler.com/news', 'en'
'https://www.rappler.com/news', 'en'
'https://www.rappler.com/news', 'en'
'https://www.rappler.com/news', 'en'
'https://www.rappler.com/news', 'en'
'https://www.rappler.com/news', 'en'
'https://www.rappler.com/news', 'en'
'https://www.rappler.com/news', 'en'
'https://www.rappler.com/news', 'en'
'https://www.rappler.com/news', 'en'
'https://www.rappler.com/news', 'en'
'https://www.rappler.com/news', 'en'
'https://www.rappler.com/news', 'en'
'https://www.rappler.com/news', 'en'
'https://www.rappler.com/news', 'en'
'https://www.rappler.com/news', 'en'
'https://www.rappler.com/news', 'en'
'https://www.rappler.com/news', 'en'
'https://www.rappler.com/news', 'en'
'https://www.rappler.com/news', 'en'
'https://www.rappler.com/news', 'en'
'https://www.rappler.com/news', 'en'
'https://www.rappler.com/news', 'en'
'https://www.rappler.com/news', 'en'
'https://www.rappler.com/news', 'en'
'https://www.rappler.com/news', 'en'
'https://www.rappler.com/news', 'en'
'https://www.rappler.com/news', 'en'
'https://www.rappler.com/news', 'en'
'https://www.rappler.com/news', 'en'
'https://www.rappler.com/news', 'en'
'https://www.rappler.com/news', 'en'
'https://www.rappler.com/news', 'en'
'https://www.rappler.com/news', 'en'
'https://www.rappler.com/news', 'en'
'https://www.rappler.com/news', 'en'
'https://www.rappler.com/news', 'en'
'https://www.rappler.com/news', 'en'
'https://www.rappler.com/news', 'en'
'https://www.rappler.com/news', 'en'
'https://www.rappler.com/news', 'en'
'https://www.rappler.com/news', 'en'
'https://www.rappler.com/news', 'en'
'https://www.rappler.com/news', 'en'
'https://www.rappler.com/news', 'en'
'https://www.rappler.com/news', 'en'
'https://www.rappler.com/news', 'en'
'https://www.rappler.com/news', 'en'
'https://www.rappler.com/news', 'en'
'https://www.rappler.com/news', 'en'
'https://www.rappler.com/news', 'en'
'https://www.rappler.com/news', 'en'
'https://www.rappler.com/news', 'en'
'https://www.rappler.com/news', 'en'
'https://www.rappler.com/news', 'en'
'https://www.rappler.com/news', 'en'
'https://www.rappler.com/news', 'en'
'https://www.rappler.com/news', 'en'
'https://www.rappler.com/news', 'en'
'https://www.rappler.com/news', 'en'
'https://www.rappler.com/news', 'en'
'https://www.rappler.com/news', 'en'
'https://www.rappler.com/news', 'en'
'https://www.rappler.com/news', 'en'
'https://www.rappler.com/news', 'en'
'https://www.rappler.com/news', 'en'
'https://www.rappler.com/news', 'en'
'https://www.rappler.com/news', 'en'
'https://www.rappler.com/news', 'en'
'https://www.rappler.com/news', 'en'
'https://www.rappler.com/news', 'en'
'https://www.rappler.com/news', 'en'
'https://www.rappler.com/news', 'en'
'https://www.rappler.com/news', 'en'
'https://www.rappler.com/news', 'en'
'https://www.rappler.com/news', 'en'
'https://www.rappler.com/news', 'en'
'https://www.rappler.com/news', 'en'
'https://www.rappler.com/news', 'en'
'https://www.rappler.com/news', 'en'
'https://www.rappler.com/news', 'en'
'https://www.rappler.com/news', 'en'
'https://www.rappler.com/news', 'en'
'https://www.rappler.com/news', 'en'
'https://www.rappler.com/news', 'en'
'https://www.rappler.com/news', 'en'
'https://www.rappler.com/news', 'en'
'https://www.rappler.com/news', 'en'
'https://www.rappler.com/news', 'en'
'https://www.rappler.com/news', 'en'
'https://www.rappler.com/news', 'en'
'https://www.rappler.com/news', 'en'
'https://www.rappler.com/news', 'en'
'https://www.rappler.com/news', 'en'
'https://www.rappler.com/news', 'en'
'https://www.rappler.com/news', 'en'
'https://www.rappler.com/news', 'en'
'https://www.rappler.com/news', 'en'
'https://www.rappler.com/news', 'en'
'https://www.rappler.com/news', 'en'
'https://www.rappler.com/news', 'en'
'https://www.rappler.com/news', 'en'
'https://www.rappler.com/news', 'en'
'https://www.rappler.com/news', 'en'
'https://www.rappler.com/news', 'en'
'https://www.rappler.com/news', 'en'
'https://www.rappler.com/news', 'en'
'https://www.rappler.com/news', 'en'
'https://www.rappler.com/news', 'en'
'https://www.rappler.com/news', 'en'
'https://www.rappler.com/news', 'en'
'https://www.rappler.com/news', 'en'
'https://www.rappler.com/news', 'en'
'https://www.rappler.com/news', 'en'
'https://www.rappler.com/news', 'en'
'https://www.rappler.com/news', 'en'
'https://www.rappler.com/news', 'en'
'https://www.rappler.com/news', 'en'
'https://www.rappler.com/news', 'en'
'https://www.rappler.com/news', 'en'
'https://www.rappler.com/news', 'en'
'https://www.rappler.com/news', 'en'
'https://www.rappler.com/news', 'en'
'https://www.rappler.com/news', 'en'
'https://www.rappler.com/news', 'en'
'https://www.rappler.com/news', 'en'
'https://www.rappler.com/news', 'en'
'https://www.rappler.com/news', 'en'
'https://www.rappler.com/news', 'en'
'https://www.rappler.com/news', 'en'
'https://www.rappler.com/news', 'en'
'https://www.rappler.com/news', 'en'
'https://www.rappler.com/news', 'en'
'https://www.rappler.com/news', 'en'
'https://www.rappler.com/news', 'en'
'https://www.rappler.com/news', 'en'
'https://www.rappler.com/news', 'en'
'https://www.rappler.com/news', 'en'
'https://www.rappler.com/news', 'en'
'https://www.rappler.com/news', 'en'
'https://www.rappler.com/news', 'en'
'https://www.rappler.com/news', 'en'
'https://www.rappler.com/news', 'en'
'https://www.rappler.com/news', 'en'
'https://www.rappler.com/news', 'en'
'https://www.rappler.com/news', 'en'
'https://www.rappler.com/news', 'en'
'https://www.rappler.com/news', 'en'
'https://www.rappler.com/news', 'en'
'https://www.rappler.com/news', 'en'
'https://www.rappler.com/news', 'en'
'https://www.rappler.com/news', 'en'
'https://www.rappler.com/news', 'en'
'https://www.rappler.com/news', 'en'
'https://www.rappler.com/news', 'en'
'https://www.rappler.com/news', 'en'
'https://www.rappler.com/news', 'en'
'https://www.rappler.com/news', 'en'
'https://www.rappler.com/news', 'en'
'https://www.rappler.com/news', 'en'
'https://www.rappler.com/news', 'en'
'https://www.rappler.com/news', 'en'
'https://www.rappler.com/news', 'en'
'https://www.rappler.com/news', 'en'
'https://www.rappler.com/news', 'en'
'https://www.rappler.com/news', 'en'
'https://www.rappler.com/news', 'en'
'https://www.rappler.com/news', 'en'
'https://www.rappler.com/news', 'en'
'https://www.rappler.com/news', 'en'
'https://www.rappler.com/news', 'en'
'https://www.rappler.com/news', 'en'
'https://www.rappler.com/news', 'en'
'https://www.rappler.com/news', 'en'
'https://www.rappler.com/news', 'en'
'https://www.rappler.com/news', 'en'
'https://www.rappler.com/news', 'en'
'https://www.rappler.com/news', 'en'
'https://www.rappler.com/news', 'en'
'https://www.rappler.com/news', 'en'
'https://www.rappler.com/news', 'en'
'https://www.rappler.com/news', 'en'
'https://www.rappler.com/news', 'en'
'https://www.rappler.com/news', 'en'
'https://www.rappler.com/news', 'en'
'https://www.rappler.com/news', 'en'
'https://www.rappler.com/news', 'en'
'https://www.rappler.com/news', 'en'
'https://www.rappler.com/news', 'en'
'https://www.rappler.com/news', 'en'
'https://www.rappler.com/news', 'en'
'https://www.rappler.com/news', 'en'
'https://www.rappler.com/news', 'en'
'https://www.rappler.com/news', 'en'
'https://www.rappler.com/news', 'en'
'https://www.rappler.com/news', 'en'
'https://www.rappler.com/news', 'en'
'https://www.rappler.com/news', 'en'
'https://www.rappler.com/news', 'en'
'https://www.rappler.com/news', 'en'
'https://www.rappler.com/news', 'en'
'https://www.rappler.com/news', 'en'
'https://www.rappler.com/news', 'en'
'https://www.rappler.com/news', 'en'
'https://www.rappler.com/news', 'en'
'https://www.rappler.com/news', 'en'
'https://www.rappler.com/news', 'en'
'https://www.rappler.com/news', 'en'
'https://www.rappler.com/news', 'en'
'https://www.rappler.com/news', 'en'
'https://www.rappler.com/news', 'en'
'https://www.rappler.com/news', 'en'
'https://www.rappler.com/news', 'en'
'https://www.rappler.com/news', 'en'
'https://www.rappler.com/news', 'en'
'https://www.rappler.com/news', 'en'
'https://www.rappler.com/news', 'en'
'https://www.rappler.com/news', 'en'
'https://www.rappler.com/news', 'en'
'https://www.rappler.com/news', 'en'
'https://www.rappler.com/news', 'en'
'https://www.rappler.com/news', 'en'
'https://www.rappler.com/news', 'en'
'https://www.rappler.com/news', 'en'
'https://www.rappler.com/news', 'en'
'https://www.rappler.com/news', 'en'
'https://www.rappler.com/news', 'en'
'https://www.rappler.com/news', 'en'
'https://www.rappler.com/news', 'en'
'https://www.rappler.com/news', 'en'
'https://www.rappler.com/news', 'en'
'https://www.rappler.com/news', 'en'
'https://www.rappler.com/news', 'en'
'https://www.rappler.com/news', 'en'
'https://www.rappler.com/news', 'en'
'https://www.rappler.com/news', 'en'
'https://www.rappler.com/news', 'en'
'https://www.rappler.com/news', 'en'
'https://www.rappler.com/news', 'en'
'https://www.rappler.com/news', 'en'
'https://www.rappler.com/news', 'en'
'https://www.rappler.com/news', 'en'
'https://www.rappler.com/news', 'en'
'https://www.rappler.com/news', 'en'
'https://www.rappler.com/news', 'en'
'https://www.rappler.com/news', 'en'
'https://www.rappler.com/news', 'en'
'https://www.rappler.com/news', 'en'
'https://www.rappler.com/news', 'en'
'https://www.rappler.com/news', 'en'
'https://www.rappler.com/news', 'en'
'https://www.rappler.com/news', 'en'
'https://www.rappler.com/news', 'en'
'https://www.rappler.com/news', 'en'
'https://www.rappler.com/news', 'en'
'https://www.rappler.com/news', 'en'
'https://www.rappler.com/news', 'en'
'https://www.rappler.com/news', 'en'
'https://www.rappler.com/news', 'en'
'https://www.rappler.com/news', 'en'
'https://www.rappler.com/news', 'en'
'https://www.rappler.com/news', 'en'
'https://www.rappler.com/news', 'en'
'https://www.rappler.com/news', 'en'
'https://www.rappler.com/news', 'en'
'https://www.rappler.com/news', 'en'
'https://www.rappler.com/news', 'en'
'https://www.rappler.com/news', 'en'
'https://www.rappler.com/news', 'en'
'https://www.rappler.com/news', 'en'
'https://www.rappler.com/news', 'en'
'https://www.rappler.com/news', 'en'
'https://www.rappler.com/news', 'en'
'https://www.rappler.com/news', 'en'
'https://www.rappler.com/news', 'en'
'https://www.rappler.com/news', 'en'
'https://www.rappler.com/news', 'en'
'https://www.rappler.com/news', 'en'
'https://www.rappler.com/news', 'en'
'https://www.rappler.com/news', 'en'
'https://www.rappler.com/news', 'en'
'https://www.rappler.com/news', 'en'
'https://www.rappler.com/news', 'en'
'https://www.rappler.com/news', 'en'
'https://www.rappler.com/news', 'en'
'https://www.rappler.com/news', 'en'
'https://www.rappler.com/news', 'en'
'https://www.rappler.com/news', 'en'
'https://www.rappler.com/news', 'en'
'https://www.rappler.com/news', 'en'
'https://www.rappler.com/news', 'en'
'https://www.rappler.com/news', 'en'
'https://www.rappler.com/news', 'en'
'https://www.rappler.com/news', 'en'
'https://www.rappler.com/news', 'en'
'https://www.rappler.com/news', 'en'
'https://www.rappler.com/news', 'en'
'https://www.rappler.com/news', 'en'
'https://www.rappler.com/news', 'en'
'https://www.rappler.com/news', 'en'
'https://www.rappler.com/news', 'en'
'https://www.rappler.com/news', 'en'
'https://www.rappler.com/news', 'en'
'https://www.rappler.com/news', 'en'
'https://www.rappler.com/news', 'en'
'https://www.rappler.com/news', 'en'
'https://www.rappler.com/news', 'en'
'https://www.rappler.com/news', 'en'
'https://www.rappler.com/news', 'en'
'https://www.rappler.com/news', 'en'
'https://www.rappler.com/news', 'en'
'https://www.rappler.com/news', 'en'
'https://www.rappler.com/news', 'en'
'https://www.rappler.com/news', 'en'
'https://www.rappler.com/news', 'en'
'https://www.rappler.com/news', 'en'
'https://www.rappler.com/news', 'en'
'https://www.rappler.com/news', 'en'
'https://www.rappler.com/news', 'en'
'https://www.rappler.com/news', 'en'
'https://www.rappler.com/news', 'en'
'https://www.rappler.com/news', 'en'
'https://www.rappler.com/news', 'en'
'https://www.rappler.com/news', 'en'
'https://www.rappler.com/news', 'en'
'https://www.rappler.com/news', 'en'
'https://www.rappler.com/news', 'en'
'https://www.rappler.com/news', 'en'
'https://www.rappler.com/news', 'en'
'https://www.rappler.com/news', 'en'
'https://www.rappler.com/news', 'en'
'https://www.rappler.com/news', 'en'
'https://www.rappler.com/news', 'en'
'https://www.rappler.com/news', 'en'
'https://www.rappler.com/news', 'en'
'https://www.rappler.com/news', 'en'
'https://www.rappler.com/news', 'en'
'https://www.rappler.com/news', 'en'
'https://www.rappler.com/news', 'en'
'https://www.rappler.com/news', 'en'
'https://www.rappler.com/news', 'en'
'https://www.rappler.com/news', 'en'
'https://www.rappler.com/news', 'en'
'https://www.rappler.com/news', 'en'
'https://www.rappler.com/news', 'en'
'https://www.rappler.com/news', 'en'
'https://www.rappler.com/news', 'en'
'https://www.rappler.com/news', 'en'
'https://www.rappler.com/news', 'en'
'https://www.rappler.com/news', 'en'
'https://www.rappler.com/news', 'en'
'https://www.rappler.com/news', 'en'
'https://www.rappler.com/news', 'en'
'https://www.rappler.com/news', 'en'
'https://www.rappler.com/news', 'en'
'https://www.rappler.com/news', 'en'
'https://www.rappler.com/news', 'en'
'https://www.rappler.com/news', 'en'
'https://www.rappler.com/news', 'en'
'https://www.rappler.com/news', 'en'
'https://www.rappler.com/news', 'en'
'https://www.rappler.com/news', 'en'
'https://www.rappler.com/news', 'en'
'https://www.rappler.com/news', 'en'
'https://www.rappler.com/news', 'en'
'https://www.rappler.com/news', 'en'
'https://www.rappler.com/news', 'en'
'https://www.rappler.com/news', 'en'
'https://www.rappler.com/news', 'en'
'https://www.rappler.com/news', 'en'
'https://www.rappler.com/news', 'en'
'https://www.rappler.com/news', 'en'
'https://www.rappler.com/news', 'en'
'https://www.rappler.com/news', 'en'
'https://www.rappler.com/news', 'en'
'https://www.rappler.com/news', 'en'
'https://www.rappler.com/news', 'en'
'https://www.rappler.com/news', 'en'
'https://www.rappler.com/news', 'en'
'https://www.rappler.com/news', 'en'
'https://www.rappler.com/news', 'en'
'https://www.rappler.com/news', 'en'
'https://www.rappler.com/news', 'en'
'https://www.rappler.com/news', 'en'
'https://www.rappler.com/news', 'en'
'https://www.rappler.com/news', 'en'
'https://www.rappler.com/news', 'en'
'https://www.rappler.com/news', 'en'
'https://www.rappler.com/news', 'en'
'https://www.rappler.com/news', 'en'
'https://www.rappler.com/news', 'en'
'https://www.rappler.com/news', 'en'
'https://www.rappler.com/news', 'en'
'https://www.rappler.com/news', 'en'
'https://www.rappler.com/news', 'en'
'https://www.rappler.com/news', 'en'
'https://www.rappler.com/news', 'en'
'https://www.rappler.com/news', 'en'
'https://www.rappler.com/news', 'en'
'https://www.rappler.com/news', 'en'
'https://www.rappler.com/news', 'en'
'https://www.rappler.com/news', 'en'
'https://www.rappler.com/news', 'en'
'https://www.rappler.com/news', 'en'
'https://www.rappler.com/news', 'en'
'https://www.rappler.com/news', 'en'
'https://www.rappler.com/news', 'en'
'https://www.rappler.com/news', 'en'
'https://www.rappler.com/news', 'en'
'https://www.rappler.com/news', 'en'
'https://www.rappler.com/news', 'en'
'https://www.rappler.com/news', 'en'
'https://www.rappler.com/news', 'en'
'https://www.rappler.com/news', 'en'
'https://www.rappler.com/news', 'en'
'https://www.rappler.com/news', 'en'
'https://www.rappler.com/news', 'en'
'https://www.rappler.com/news', 'en'
'https://www.rappler.com/news', 'en'
'https://www.rappler.com/news', 'en'
'https://www.rappler.com/news', 'en'
'https://www.rappler.com/news', 'en'
'https://www.rappler.com/news', 'en'
'https://www.rappler.com/news', 'en'
'https://www.rappler.com/news', 'en'
'https://www.rappler.com/news', 'en'
'https://www.rappler.com/news', 'en'
'https://www.rappler.com/news', 'en'
'https://www.rappler.com/news', 'en'
'https://www.rappler.com/news', 'en'
'https://www.rappler.com/news', 'en'
'https://www.rappler.com/news', 'en'
'https://www.rappler.com/news', 'en'
'https://www.rappler.com/news', 'en'
'https://www.rappler.com/news', 'en'
'https://www.rappler.com/news', 'en'
'https://www.rappler.com/news', 'en'
'https://www.rappler.com/news', 'en'
'https://www.rappler.com/news', 'en'
'https://www.rappler.com/news', 'en'
'https://www.rappler.com/news', 'en'
'https://www.rappler.com/news', 'en'
'https://www.rappler.com/news', 'en'
'https://www.rappler.com/news', 'en'
'https://www.rappler.com/news', 'en'
'https://www.rappler.com/news', 'en'
'https://www.rappler.com/news', 'en'
'https://www.rappler.com/news', 'en'
'https://www.rappler.com/news', 'en'
'https://www.rappler.com/news', 'en'
'https://www.rappler.com/news', 'en'
'https://www.rappler.com/news', 'en'
'https://www.rappler.com/news', 'en'
'https://www.rappler.com/news', 'en'
'https://www.rappler.com/news', 'en'
'https://www.rappler.com/news', 'en'
'https://www.rappler.com/news', 'en'
'https://www.rappler.com/news', 'en'
'https://www.rappler.com/news', 'en'
'https://www.rappler.com/news', 'en'
'https://www.rappler.com/news', 'en'
'https://www.rappler.com/news', 'en'
'https://www.rappler.com/news', 'en'
'https://www.rappler.com/news', 'en'
'https://www.rappler.com/news', 'en'
'https://www.rappler.com/news', 'en'
'https://www.rappler.com/news', 'en'
'https://www.rappler.com/news', 'en'
'https://www.rappler.com/news', 'en'
'https://www.rappler.com/news', 'en'
'https://www.rappler.com/news', 'en'
'https://www.rappler.com/news', 'en'
'https://www.rappler.com/news', 'en'
'https://www.rappler.com/news', 'en'
'https://www.rappler.com/news', 'en'
'https://www.rappler.com/news', 'en'
'https://www.rappler.com/news', 'en'
'https://www.rappler.com/news', 'en'
'https://www.rappler.com/news', 'en'
'https://www.rappler.com/news', 'en'
'https://www.rappler.com/news', 'en'
'https://www.rappler.com/news', 'en'
'https://www.rappler.com/news', 'en'
'https://www.rappler.com/news', 'en'
'https://www.rappler.com/news', 'en'
'https://www.rappler.com/news', 'en'
'https://www.rappler.com/news', 'en'
'https://www.rappler.com/news', 'en'
'https://www.rappler.com/news', 'en'
'https://www.rappler.com/news', 'en'
'https://www.rappler.com/news', 'en'
'https://www.rappler.com/news', 'en'
'https://www.rappler.com/news', 'en'
'https://www.rappler.com/news', 'en'
'https://www.rappler.com/news', 'en'
'https://www.rappler.com/news', 'en'
'https://www.rappler.com/news', 'en'
'https://www.rappler.com/news', 'en'
'https://www.rappler.com/news', 'en'
'https://www.rappler.com/news', 'en'
'https://www.rappler.com/news', 'en'
'https://www.rappler.com/news', 'en'
'https://www.rappler.com/news', 'en'
'https://www.rappler.com/news', 'en'
'https://www.rappler.com/news', 'en'
'https://www.rappler.com/news', 'en'
'https://www.rappler.com/news', 'en'
'https://www.rappler.com/news', 'en'
'https://www.rappler.com/news', 'en'
'https://www.rappler.com/news', 'en'
'https://www.rappler.com/news', 'en'
'https://www.rappler.com/news', 'en'
'https://www.rappler.com/news', 'en'
'https://www.rappler.com/news', 'en'
'https://www.rappler.com/news', 'en'
'https://www.rappler.com/news', 'en'
'https://www.rappler.com/news', 'en'
'https://www.rappler.com/news', 'en'
'https://www.rappler.com/news', 'en'
'https://www.rappler.com/news', 'en'
'https://www.rappler.com/news', 'en'
'https://www.rappler.com/news', 'en'
'https://www.rappler.com/news', 'en'
'https://www.rappler.com/news', 'en'
'https://www.rappler.com/news', 'en'
'https://www.rappler.com/news', 'en'
'https://www.rappler.com/news', 'en'
'https://www.rappler.com/news', 'en'
'https://www.rappler.com/news', 'en'
'https://www.rappler.com/news', 'en'
'https://www.rappler.com/news', 'en'
'https://www.rappler.com/news', 'en'
'https://www.rappler.com/news', 'en'
'https://www.rappler.com/news', 'en'
'https://www.rappler.com/news', 'en'
'https://www.rappler.com/news', 'en'
'https://www.rappler.com/news', 'en'
'https://www.rappler.com/news', 'en'
'https://www.rappler.com/news', 'en'
'https://www.rappler.com/news', 'en'
'https://www.rappler.com/news', 'en'
'https://www.rappler.com/news', 'en'
'https://www.rappler.com/news', 'en'
'https://www.rappler.com/news', 'en'
'https://www.rappler.com/news', 'en'
'https://www.rappler.com/news', 'en'
'https://www.rappler.com/news', 'en'
'https://www.rappler.com/news', 'en'
'https://www.rappler.com/news', 'en'
'https://www.rappler.com/news', 'en'
'https://www.rappler.com/news', 'en'
'https://www.rappler.com/news', 'en'
'https://www.rappler.com/news', 'en'
'https://www.rappler.com/news', 'en'
'https://www.rappler.com/news', 'en'
'https://www.rappler.com/news', 'en'
'https://www.rappler.com/news', 'en'
'https://www.rappler.com/news', 'en'
'https://www.rappler.com/news', 'en'
'https://www.rappler.com/news', 'en'
'https://www.rappler.com/news', 'en'
'https://www.rappler.com/news', 'en'
'https://www.rappler.com/news', 'en'
'https://www.rappler.com/news', 'en'
'https://www.rappler.com/news', 'en'
'https://www.rappler.com/news', 'en'
'https://www.rappler.com/news', 'en'
'https://www.rappler.com/news', 'en'
'https://www.rappler.com/news', 'en'
'https://www.rappler.com/news', 'en'
'https://www.rappler.com/news', 'en'
'https://www.rappler.com/news', 'en'
'https://www.rappler.com/news', 'en'
'https://www.rappler.com/news', 'en'
'https://www.rappler.com/news', 'en'
'https://www.rappler.com/news', 'en'
'https://www.rappler.com/news', 'en'
'https://www.rappler.com/news', 'en'
'https://www.rappler.com/news', 'en'
'https://www.rappler.com/news', 'en'
'https://www.rappler.com/news', 'en'
'https://www.rappler.com/news', 'en'
'https://www.rappler.com/news', 'en'
'https://www.rappler.com/news', 'en'
'https://www.rappler.com/news', 'en'
'https://www.rappler.com/news', 'en'
'https://www.rappler.com/news', 'en'
'https://www.rappler.com/news', 'en'
'https://www.rappler.com/news', 'en'
'https://www.rappler.com/news', 'en'
'https://www.rappler.com/news', 'en'
'https://www.rappler.com/news', 'en'
'https://www.rappler.com/news', 'en'
'https://www.rappler.com/news', 'en'
'https://www.rappler.com/news', 'en'
'https://www.rappler.com/news', 'en'
'https://www.rappler.com/news', 'en'
'https://www.rappler.com/news', 'en'
'https://www.rappler.com/news', 'en'
'https://www.rappler.com/news', 'en'
'https://www.rappler.com/news', 'en'
'https://www.rappler.com/news', 'en'
'https://www.rappler.com/news', 'en'
'https://www.rappler.com/news', 'en'
'https://www.rappler.com/news', 'en'
'https://www.rappler.com/news', 'en'
'https://www.rappler.com/news', 'en'
'https://www.rappler.com/news', 'en'
'https://www.rappler.com/news', 'en'
'https://www.rappler.com/news', 'en'
'https://www.rappler.com/news', 'en'
'https://www.rappler.com/news', 'en'
'https://www.rappler.com/news', 'en'
'https://www.rappler.com/news', 'en'
'https://www.rappler.com/news', 'en'
'https://www.rappler.com/news', 'en'
'https://www.rappler.com/news', 'en'
'https://www.rappler.com/news', 'en'
'https://www.rappler.com/news', 'en'
'https://www.rappler.com/news', 'en'
'https://www.rappler.com/news', 'en'
'https://www.rappler.com/news', 'en'
'https://www.rappler.com/news', 'en'
'https://www.rappler.com/news', 'en'
'https://www.rappler.com/news', 'en'
'https://www.rappler.com/news', 'en'
'https://www.rappler.com/news', 'en'
'https://www.rappler.com/news', 'en'
'https://www.rappler.com/news', 'en'
'https://www.rappler.com/news', 'en'
'https://www.rappler.com/news', 'en'
'https://www.rappler.com/news', 'en'
'https://www.rappler.com/news', 'en'
'https://www.rappler.com/news', 'en'
'https://www.rappler.com/news', 'en'
'https://www.rappler.com/news', 'en'
'https://www.rappler.com/news', 'en'
'https://www.rappler.com/news', 'en'
'https://www.rappler.com/news', 'en'
'https://www.rappler.com/news', 'en'
'https://www.rappler.com/news', 'en'
'https://www.rappler.com/news', 'en'
'https://www.rappler.com/news', 'en'
'https://www.rappler.com/news', 'en'
'https://www.rappler.com/news', 'en'
'https://www.rappler.com/news', 'en'
'https://www.rappler.com/news', 'en'
'https://www.rappler.com/news', 'en'
'https://www.rappler.com/news', 'en'
'https://www.rappler.com/news', 'en'
'https://www.rappler.com/news', 'en'
'https://www.rappler.com/news', 'en'
'https://www.rappler.com/news', 'en'
'https://www.rappler.com/news', 'en'
'https://www.rappler.com/news', 'en'
'https://www.rappler.com/news', 'en'
'https://www.rappler.com/news', 'en'
'https://www.rappler.com/news', 'en'
'https://www.rappler.com/news', 'en'
'https://www.rappler.com/news', 'en'
'https://www.rappler.com/news', 'en'
'https://www.rappler.com/news', 'en'
'https://www.rappler.com/news', 'en'
'https://www.rappler.com/news', 'en'
'https://www.rappler.com/news', 'en'
'https://www.rappler.com/news', 'en'
'https://www.rappler.com/news', 'en'
'https://www.rappler.com/news', 'en'
'https://www.rappler.com/news', 'en'
'https://www.rappler.com/news', 'en'
'https://www.rappler.com/news', 'en'
'https://www.rappler.com/news', 'en'
'https://www.rappler.com/news', 'en'
'https://www.rappler.com/news', 'en'
'https://www.rappler.com/news', 'en'
'https://www.rappler.com/news', 'en'
'https://www.rappler.com/news', 'en'
'https://www.rappler.com/news', 'en'
'https://www.rappler.com/news', 'en'
'https://www.rappler.com/news', 'en'
'https://www.rappler.com/news-900', 'en'
'https://www.rappler.com/news', 'en'
'https://www.rappler.com/news', 'en'
'https://www.rappler.com/news', 'en'
'https://www.rappler.com/news', 'en'
'https://www.rappler.com/news', 'en'
'https://www.rappler.com/news', 'en'
'https://www.rappler.com/news', 'en'
'https://www.rappler.com/news', 'en'
'https://www.rappler.com/news', 'en'
'https://www.rappler.com/news', 'en'
'https://www.rappler.com/news', 'en'
'https://www.rappler.com/news', 'en'
'https://www.rappler.com/news', 'en'
'https://www.rappler.com/news', 'en'
'https://www.rappler.com/news', 'en'
'https://www.rappler.com/news', 'en'
'https://www.rappler.com/news', 'en'
'https://www.rappler.com/news', 'en'
'https://www.rappler.com/news', 'en'
'https://www.rappler.com/news', 'en'
'https://www.rappler.com/news', 'en'
'https://www.rappler.com/news', 'en'
'https://www.rappler.com/news', 'en'
'https://www.rappler.com/news', 'en'
'https://www.rappler.com/news', 'en'
'https://www.rappler.com/news', 'en'
'https://www.rappler.com/news', 'en'
'https://www.rappler.com/news', 'en'
'https://www.rappler.com/news', 'en'
'https://www.rappler.com/news', 'en'
'https://www.rappler.com/news', 'en'
'https://www.rappler.com/news', 'en'
'https://www.rappler.com/news', 'en'
'https://www.rappler.com/news', 'en'
'https://www.rappler.com/news', 'en'
'https://www.rappler.com/news', 'en'
'https://www.rappler.com/news', 'en'
'https://www.rappler.com/news', 'en'
'https://www.rappler.com/news', 'en'
'https://www.rappler.com/news', 'en'
'https://www.rappler.com/news', 'en'
'https://www.rappler.com/news', 'en'
'https://www.rappler.com/news', 'en'
'https://www.rappler.com/news', 'en'
'https://www.rappler.com/news', 'en'
'https://www.rappler.com/news', 'en'
'https://www.rappler.com/news', 'en'
'https://www.rappler.com/news', 'en'
'https://www.rappler.com/news', 'en'
'https://www.rappler.com/news', 'en'
'https://www.rappler.com/news', 'en'
'https://www.rappler.com/news', 'en'
'https://www.rappler.com/news', 'en'
'https://www.rappler.com/news', 'en'
'https://www.rappler.com/news', 'en'
'https://www.rappler.com/news', 'en'
'https://www.rappler.com/news', 'en'
'https://www.rappler.com/news', 'en'
'https://www.rappler.com/news', 'en'
'https://www.rappler.com/news', 'en'
'https://www.rappler.com/news', 'en'
'https://www.rappler.com/news', 'en'
'https://www.rappler.com/news', 'en'
'https://www.rappler.com/news', 'en'
'https://www.rappler.com/news', 'en'
'https://www.rappler.com/news', 'en'
'https://www.rappler.com/news', 'en'
'https://www.rappler.com/news', 'en'
'https://www.rappler.com/news', 'en'
'https://www.rappler.com/news', 'en'
'https://www.rappler.com/news', 'en'
'https://www.rappler.com/news', 'en'
'https://www.rappler.com/news', 'en'
'https://www.rappler.com/news', 'en'
'https://www.rappler.com/news', 'en'
'https://www.rappler.com/news', 'en'
'https://www.rappler.com/news', 'en'
'https://www.rappler.com/news', 'en'
'https://www.rappler.com/news', 'en'
'https://www.rappler.com/news', 'en'
'https://www.rappler.com/news', 'en'
'https://www.rappler.com/news', 'en'
'https://www.rappler.com/news', 'en'
'https://www.rappler.com/news', 'en'
'https://www.rappler.com/news', 'en'
'https://www.rappler.com/news', 'en'
'https://www.rappler.com/news', 'en'
'https://www.rappler.com/news', 'en'
'https://www.rappler.com/news', 'en'
'https://www.rappler.com/news', 'en'
'https://www.rappler.com/news', 'en'
'https://www.rappler.com/news', 'en'
'https://www.rappler.com/news', 'en'
'https://www.rappler.com/news', 'en'
'https://www.rappler.com/news', 'en'
'https://www.rappler.com/news', 'en'
'https://www.rappler.com/news', 'en'
'https://www.rappler.com/news', 'en'
'https://www.rappler.com/news', 'en'
'https://www.rappler.com/news-1000', 'en'
'https://www.rappler.com/news', 'en'
'https://www.rappler.com/news', 'en'
'https://www.rappler.com/news', 'en'
'https://www.rappler.com/news', 'en'
'https://www.rappler.com/news', 'en'
'https://www.rappler.com/news', 'en'
'https://www.rappler.com/news', 'en'
'https://www.rappler.com/news', 'en'
'https://www.rappler.com/news', 'en'
'https://www.rappler.com/news', 'en'
'https://www.rappler.com/news', 'en'
'https://www.rappler.com/news', 'en'
'https://www.rappler.com/news', 'en'
'https://www.rappler.com/news', 'en'
'https://www.rappler.com/news', 'en'
'https://www.rappler.com/news', 'en'
'https://www.rappler.com/news', 'en'
'https://www.rappler.com/news', 'en'
'https://www.rappler.com/news', 'en'
'https://www.rappler.com/news', 'en'
'https://www.rappler.com/news', 'en'
'https://www.rappler.com/news', 'en'
'https://www.rappler.com/news', 'en'
'https://www.rappler.com/news', 'en'
'https://www.rappler.com/news', 'en'
'https://www.rappler.com/news', 'en'
'https://www.rappler.com/news', 'en'
'https://www.rappler.com/news', 'en'
'https://www.rappler.com/news', 'en'
'https://www.rappler.com/news', 'en'
'https://www.rappler.com/news', 'en'
'https://www.rappler.com/news', 'en'
'https://www.rappler.com/news', 'en'
'https://www.rappler.com/news', 'en'
'https://www.rappler.com/news', 'en'
'https://www.rappler.com/news', 'en'
'https://www.rappler.com/news', 'en'
'https://www.rappler.com/news', 'en'
'https://www.rappler.com/news', 'en'
'https://www.rappler.com/news', 'en'
'https://www.rappler.com/news', 'en'
'https://www.rappler.com/news', 'en'
'https://www.rappler.com/news', 'en'
'https://www.rappler.com/news', 'en'
'https://www.rappler.com/news', 'en'
'https://www.rappler.com/news', 'en'
'https://www.rappler.com/news', 'en'
'https://www.rappler.com/news', 'en'
'https://www.rappler.com/news', 'en'
'https://www.rappler.com/news-1050', 'en'